--DELETE LE CONTENU DE TOUTES LES TABLES

--DELETE FROM "EMPLOYE";
--DELETE FROM "AGENCE";
--DELETE FROM "CLIENT";
--DELETE FROM "LIAISON";
--DELETE FROM "LOCATION";
--DELETE FROM "MODELE";
--DELETE FROM "VEHICULE";
--DELETE FROM "EMPRUNTER";
--DELETE FROM "LOUER";
--DELETE FROM "UTILITAIRE";
--DELETE FROM "POSSEDER";

--REMPLISSAGE DES DIFFERENTES COLONNES DE CHAQUE TABLE--

--ID_AGENCE, NOM, ADRESSE
INSERT INTO "AGENCE" VALUES (0,'LepesCorp','2 rue de la barbe');
INSERT INTO "AGENCE" VALUES (1,'LefebIndustries','4 rue du style');
INSERT INTO "AGENCE" VALUES (2,'AgenceDuStyle','8 quai des gentils');
INSERT INTO "AGENCE" VALUES (3,'EntrepriseBDD','5 rue SQL');

--NUMERO, NOM, ADRESSE, DATE_EMBAUCHE, EST_RESPONSABLE, ID_AGENCE
INSERT INTO "EMPLOYE" VALUES (0,'Bastien','2 rue de la barbe','14/04/2015','true',0);
INSERT INTO "EMPLOYE" VALUES (1,'Thomas','4 rue du style','14/04/2015','true',1);
INSERT INTO "EMPLOYE" VALUES (2,'Michel','8 rue des framboises','14/04/2015','false',0);
INSERT INTO "EMPLOYE" VALUES (3,'Jean','7 rue des fraises','14/04/2015','false',1);
INSERT INTO "EMPLOYE" VALUES (4,'Jacques','12 rue des poires','18/06/2015','false',1);

--NUMERO, NOM, ADRESSE
INSERT INTO "CLIENT" VALUES (0, 'JeanJambe', '3 quartier du zoo');
INSERT INTO "CLIENT" VALUES (1, 'SuperKlavier3000', '6th keyboard square');
INSERT INTO "CLIENT" VALUES (2, 'ClientSimple', '1th simplicity lane');
INSERT INTO "CLIENT" VALUES (3, 'ClientComplexe', '5th complex square');
INSERT INTO "CLIENT" VALUES (4, 'GrandMechantLoup', 'Maison de mère grand');
INSERT INTO "CLIENT" VALUES (5, 'FilipeGama', 'Achères Ville');

--NOM_AGENCE, NUM_CLIENT
INSERT INTO "LIAISON" VALUES (0,0);
INSERT INTO "LIAISON" VALUES (1,1);
INSERT INTO "LIAISON" VALUES (1,2);
INSERT INTO "LIAISON" VALUES (1,3);

--NUM_IM, DATE_ACHAT, KILOMETRAGE, MODELE, MARQUE, CAUTION
--Changer Modele pour mettre un char
INSERT INTO "VEHICULE" VALUES (132289,'16/01/2015',3500,'3XS','Citroen',200);
INSERT INTO "VEHICULE" VALUES (142992,'16/01/2015',6800,'206','Peugeot',250);
INSERT INTO "VEHICULE" VALUES (432332,'16/01/2015',4200,'32S','Mercedes',800);
INSERT INTO "VEHICULE" VALUES (543289,'23/02/2015',6500,'Prius','Toyota',500);
INSERT INTO "VEHICULE" VALUES (679423,'12/03/2015',8900,'Super','Peugeot',200);
INSERT INTO "VEHICULE" VALUES (982342,'13/04/2015',7200,'Tremplin','Citroen',200);
INSERT INTO "VEHICULE" VALUES (252525,'12/05/2015',4300,'32S','Peugeot',300);
INSERT INTO "VEHICULE" VALUES (345432,'10/05/2015',3200,'Super','Peugeot',200);

--ID_LOCATION, JOUR_ENREGISTREMENT, TARIF_JOUR, KILOMETRAGE_LOCAL, NUM_IM

INSERT INTO "LOCATION" VALUES (0,'12/02/15',60,120,132289);
INSERT INTO "LOCATION" VALUES (1,'12/02/15',70,250,142992);
INSERT INTO "LOCATION" VALUES (2, '12/02/15',60,270,432332);
INSERT INTO "LOCATION" VALUES (3, '14/02/15',80,400,543298);
INSERT INTO "LOCATION" VALUES (4, '16/02/15',90,500,874323);
INSERT INTO "LOCATION" VALUES (5, '23/02/15',65,800,982342);

--ID_MODELE, NUM_IMMATRICULATION
INSERT INTO "MODELE" VALUES (0,132289);
INSERT INTO "MODELE" VALUES (1,142992);
INSERT INTO "MODELE" VALUES (2,432332);
INSERT INTO "MODELE" VALUES (3,543289);
INSERT INTO "MODELE" VALUES (4,679423);
INSERT INTO "MODELE" VALUES (5,982342);
INSERT INTO "MODELE" VALUES (6,252525);
INSERT INTO "MODELE" VALUES (7,345432);

--NUM_IMMATRICULATION, NUM_CLIENT
INSERT INTO "EMPRUNTER" VALUES (132289,0);
INSERT INTO "EMPRUNTER" VALUES (142992,1);
INSERT INTO "EMPRUNTER" VALUES (432332,1);
INSERT INTO "EMPRUNTER" VALUES (679423,3);
INSERT INTO "EMPRUNTER" VALUES (982342,3);
INSERT INTO "EMPRUNTER" VALUES (543289,3);

--ID_LOCATION, NUM_CLIENT
INSERT INTO "LOUER" VALUES (0,0);
INSERT INTO "LOUER" VALUES (1,1);
INSERT INTO "LOUER" VALUES (2,1);
INSERT INTO "LOUER" VALUES (3,3);
INSERT INTO "LOUER" VALUES (4,3);
INSERT INTO "LOUER" VALUES (5,3);


--ID_UTILITAIRE, ID_MOD, CAPACITE, CHARGE_MAX
INSERT INTO "UTILITAIRE" VALUES (0,0,700,1500);
INSERT INTO "UTILITAIRE" VALUES (1,1,1000,1650);
INSERT INTO "UTILITAIRE" VALUES (2,3,2000,2500);
INSERT INTO "UTILITAIRE" VALUES (3,5,5000,4000);

--ID_AGENCE, NUM_IMMATRICULATION
INSERT INTO "POSSEDER" VALUES (0,132289);
INSERT INTO "POSSEDER" VALUES (1,142992);
INSERT INTO "POSSEDER" VALUES (1,432332);
INSERT INTO "POSSEDER" VALUES (1,543289);
INSERT INTO "POSSEDER" VALUES (1,679423);
INSERT INTO "POSSEDER" VALUES (0,982342);
INSERT INTO "POSSEDER" VALUES (0,252525);
INSERT INTO "POSSEDER" VALUES (0,345432);
INSERT INTO "POSSEDER" VALUES (0,543289);
